{"cameraMode":{"drawMode":0,"name":"Shaded","section":"Shading Mode"},"sceneLighting":true,"audioPlay":false,"sceneViewState":{"showFog":true,"showMaterialUpdate":true,"showSkybox":true,"showFlares":true,"showImageEffects":true,"showParticleSystems":true},"in2DMode":false,"pivot":{"x":29.362689971923829,"y":-14.768729209899903,"z":20.883474349975587},"rotation":{"x":-0.1778314858675003,"y":-0.44803670048713686,"z":0.09143268316984177,"w":-0.8714087009429932},"size":45.967063903808597,"orthographic":false}